INSERT INTO person(id, first_name, last_name, email, gender) VALUES
(1, 'Finn', 'Schutt', 'fschutt0@dailymail.co.uk', 'Male'),
(2, 'Martynne', 'Cauldfield', 'mcauldfield1@ebay.co.uk', 'Female'),
(3, 'Torre', 'Caldecutt', 'tcaldecutt2@clickbank.net', 'Bigender'),
(4, 'Filmore', 'Perryman', 'fperryman3@qq.com', 'Male'),
(5, 'Fran', 'Guerrieri', 'fguerrieri4@plala.or.jp', 'Female'),
(6, 'Lesya', 'Drejer', 'ldrejer5@va.gov', 'Female'),
(7, 'Gideon', 'Richley', 'grichley6@mapy.cz', 'Male'),
(8, 'Gloriane', 'Pharo', 'gpharo7@opensource.org', 'Female'),
(9, 'Amitie', 'Lazenby', 'alazenby8@google.it', 'Female'),
(10, 'Sean', 'Whitehorne', 'swhitehorne9@blogspot.com', 'Non-binary'),
(11, 'Shauna', 'Fritschmann', 'sfritschmanna@geocities.jp', 'Female'),
(12, 'Cooper', 'Cato', 'ccatob@example.com', 'Male'),
(13, 'Melli', 'Wickham', 'mwickhamc@npr.org', 'Genderqueer'),
(14, 'Prinz', 'Bondley', 'pbondleyd@cbsnews.com', 'Male'),
(15, 'Suzanne', 'Shilito', 'sshilitoe@state.tx.us', 'Female'),
(16, 'Alvan', 'Kneafsey', 'akneafseyf@paypal.com', 'Male'),
(17, 'Dayle', 'Cobden', 'dcobdeng@desdev.cn', 'Female'),
(18, 'Haroun', 'Riddles', 'hriddlesh@samsung.com', 'Male'),
(19, 'Abner', 'Mabbett', 'amabbetti@istockphoto.com', 'Male'),
(20, 'Augustin', 'Santarelli', 'asantarellij@360.cn', 'Male'),
(21, 'Michaela', 'Hordle', 'mhordlek@constantcontact.com', 'Female'),
(22, 'Gwenore', 'Wannes', 'gwannesl@hostgator.com', 'Female'),
(23, 'Tiffanie', 'Pitherick', 'tpitherickm@hatena.ne.jp', 'Non-binary'),
(24, 'Becca', 'Mortimer', 'bmortimern@slate.com', 'Female'),
(25, 'Oralle', 'Smallpiece', 'osmallpieceo@zdnet.com', 'Female'),
(26, 'Max', 'Houliston', 'mhoulistonp@amazonaws.com', 'Female'),
(27, 'Brandy', 'Boast', 'bboastq@ovh.net', 'Male'),
(28, 'Terrie', 'Layson', 'tlaysonr@netlog.com', 'Female'),
(29, 'Hobie', 'Tomalin', 'htomalins@businesswire.com', 'Male'),
(30, 'Culver', 'Muldownie', 'cmuldowniet@mozilla.com', 'Male');

INSERT INTO serie (id, title, genre, nb_episode, note) VALUES
(1, 'Breaking Bad', 'Crime, Drama, Thriller', 62, 10),
(2, 'Game of Thrones', 'Action, Adventure, Drama', 73, 9),
(3, 'Stranger Things', 'Drama, Fantasy, Horror', 34, 8),
(4, 'The Office (US)', 'Comedy', 201, 9),
(5, 'Friends', 'Comedy, Romance', 236, 9),
(6, 'The Crown', 'Biography, Drama, History', 60, 8),
(7, 'The Mandalorian', 'Action, Adventure, Fantasy', 24, 8),
(8, 'Dark', 'Crime, Drama, Mystery', 26, 9),
(9, 'Peaky Blinders', 'Crime, Drama', 36, 9),
(10, 'The Witcher', 'Action, Adventure, Drama', 24, 7),
(11, 'The Boys', 'Action, Crime, Drama', 24, 8),
(12, 'Sherlock', 'Crime, Drama, Mystery', 13, 9),
(13, 'House of the Dragon', 'Action, Adventure, Drama', 10, 8),
(14, 'Black Mirror', 'Drama, Sci-Fi, Thriller', 27, 8),
(15, 'How I Met Your Mother', 'Comedy, Romance', 208, 8),
(16, 'Narcos', 'Biography, Crime, Drama', 30, 8),
(17, 'Lupin', 'Action, Crime, Drama', 17, 8),
(18,'Better Call Saul', 'Crime, Drama', 63, 9),
(19, 'Vikings', 'Action, Adventure, Drama', 89, 8),
(20, 'The Last of Us', 'Action, Adventure, Drama', 9, 9);

INSERT INTO `person_serie_history` (`person_id`, `serie_id`, `last_watch`, `instance_watch`) VALUES
(1, 7, '2025-04-28 15:12:59', 1218753),
(1, 12, '2025-05-23 22:20:53', 1065205),
(1, 15, '2025-06-02 19:21:11', 1714491),
(1, 16, '2025-05-01 01:09:07', 1540198),
(1, 18, '2025-07-15 05:02:28', 440772),
(1, 19, '2025-07-12 11:51:20', 249848),
(2, 5, '2025-07-26 13:57:09', 1505747),
(2, 6, '2025-05-09 07:41:13', 1525545),
(2, 10, '2025-07-04 06:29:05', 531835),
(2, 13, '2025-07-22 07:33:13', 1954350),
(2, 15, '2025-08-08 13:12:49', 1263202),
(2, 17, '2025-05-01 08:29:49', 1469351),
(2, 19, '2025-05-28 01:09:33', 289549),
(3, 2, '2025-05-04 07:15:07', 816958),
(3, 5, '2025-05-30 16:21:16', 254305),
(3, 8, '2025-04-20 00:38:16', 1306932),
(3, 9, '2025-05-09 00:06:41', 238392),
(3, 13, '2025-06-01 10:31:43', 1496965),
(3, 14, '2025-08-08 14:22:37', 1331790),
(3, 15, '2025-06-24 02:35:11', 437165),
(3, 16, '2025-05-18 15:39:58', 1761420),
(3, 18, '2025-06-16 08:57:55', 756177),
(4, 2, '2025-07-15 10:06:41', 1556110),
(4, 4, '2025-08-16 06:55:06', 159683),
(4, 5, '2025-08-02 22:28:32', 56343),
(4, 10, '2025-07-11 22:14:42', 881892),
(4, 14, '2025-05-18 01:37:35', 572978),
(4, 15, '2025-07-01 20:39:20', 408835),
(4, 19, '2025-06-11 06:08:52', 1341115),
(5, 2, '2025-05-14 00:38:01', 287926),
(5, 10, '2025-08-07 16:56:44', 1904571),
(5, 11, '2025-06-15 13:52:39', 1889240),
(5, 12, '2025-05-23 18:57:50', 872548),
(5, 14, '2025-05-03 21:58:19', 1701557),
(5, 15, '2025-06-24 20:02:39', 981955),
(6, 3, '2025-05-05 00:14:15', 375358),
(6, 5, '2025-07-19 15:40:36', 1122036),
(6, 6, '2025-07-31 19:13:04', 1012606),
(6, 8, '2025-05-30 12:23:42', 1577693),
(6, 13, '2025-07-09 05:39:25', 602643),
(6, 15, '2025-08-10 01:09:05', 192114),
(6, 16, '2025-05-16 12:22:45', 888511),
(6, 17, '2025-06-16 02:57:20', 971606),
(7, 4, '2025-05-01 13:38:20', 1088292),
(7, 9, '2025-08-06 02:26:14', 1109331),
(7, 13, '2025-07-25 12:59:42', 981656),
(7, 17, '2025-07-14 16:52:41', 1217996),
(7, 18, '2025-08-10 07:38:57', 119304),
(7, 19, '2025-05-26 20:24:44', 1034329),
(8, 4, '2025-07-17 22:45:06', 1894329),
(8, 5, '2025-08-01 04:12:08', 1207136),
(8, 7, '0000-00-00 00:00:00', 1142763),
(8, 17, '2025-07-28 16:03:47', 1377934),
(9, 4, '2025-08-08 00:24:37', 776615),
(9, 8, '2025-04-24 06:12:43', 800960),
(9, 9, '2025-04-20 14:53:09', 421720),
(9, 11, '2025-05-22 22:03:56', 1924393),
(9, 12, '2025-08-03 22:22:08', 1277904),
(9, 15, '2025-06-10 23:59:46', 343348),
(9, 18, '2025-07-14 14:23:51', 115921),
(10, 3, '2025-05-22 07:43:22', 1160422),
(10, 8, '2025-05-20 20:47:15', 1966830),
(10, 10, '2025-05-05 16:28:08', 55697),
(10, 11, '2025-06-25 23:41:58', 1849459),
(10, 15, '2025-07-18 01:37:58', 841318),
(11, 2, '2025-04-21 16:21:07', 1694289),
(11, 3, '2025-07-19 22:11:28', 1334666),
(11, 5, '2025-07-14 20:16:21', 463043),
(11, 12, '2025-08-11 04:52:38', 1021086),
(11, 17, '0000-00-00 00:00:00', 978047),
(12, 13, '2025-05-08 17:10:03', 919047),
(12, 14, '2025-08-14 21:42:30', 1322861),
(12, 19, '2025-06-06 04:49:17', 669228),
(13, 8, '2025-08-13 20:21:23', 1898319),
(13, 15, '2025-05-18 17:52:14', 51978),
(13, 16, '2025-06-29 13:32:34', 1884758),
(14, 5, '2025-05-04 20:13:23', 1213355),
(14, 10, '2025-08-10 09:35:48', 1075665),
(14, 12, '2025-06-03 09:28:20', 418629),
(14, 15, '2025-05-16 21:04:42', 1373446),
(15, 5, '2025-07-07 09:55:13', 1380642),
(15, 8, '2025-04-21 19:15:23', 87230),
(15, 13, '2025-04-25 11:52:29', 1040263),
(15, 14, '2025-06-24 14:39:01', 249887),
(15, 15, '2025-05-20 05:51:51', 238897),
(15, 17, '2025-06-14 05:32:13', 255598),
(16, 7, '2025-05-24 19:16:09', 1049460),
(16, 9, '2025-06-07 16:40:32', 1258735),
(16, 17, '2025-07-17 11:03:02', 273310),
(16, 18, '2025-06-07 12:05:40', 147359),
(16, 19, '2025-06-29 03:52:29', 1104966),
(17, 5, '0000-00-00 00:00:00', 979912),
(17, 10, '2025-08-15 04:16:38', 178647),
(17, 11, '2025-07-07 18:55:44', 26912),
(17, 13, '2025-05-12 12:24:47', 341897),
(17, 14, '2025-07-19 01:22:13', 622787),
(18, 1, '2025-07-03 08:04:11', 1954993),
(18, 5, '2025-07-04 08:51:57', 722306),
(19, 1, '2025-06-03 18:43:33', 1612479),
(19, 7, '2025-06-07 13:50:41', 1923507),
(19, 11, '2025-06-03 21:43:09', 588072),
(19, 12, '2025-06-06 13:43:48', 166094),
(19, 16, '2025-07-31 14:37:33', 1740672),
(20, 1, '2025-07-09 16:15:05', 1125542),
(20, 3, '2025-04-23 10:33:35', 1130562),
(20, 4, '2025-06-15 18:03:24', 352304),
(20, 7, '2025-06-07 13:23:08', 895143),
(21, 2, '2025-05-17 20:16:50', 1220425),
(21, 5, '2025-04-20 12:36:09', 47397),
(21, 8, '2025-07-21 06:32:37', 35857),
(21, 9, '2025-05-26 21:45:24', 1259610),
(21, 17, '2025-08-05 03:03:17', 991000),
(22, 7, '2025-05-18 00:46:09', 1123103),
(22, 8, '2025-08-09 02:27:21', 864068),
(22, 9, '2025-06-15 21:28:11', 1918575),
(22, 14, '2025-05-29 14:56:14', 1500440),
(22, 16, '2025-08-02 07:39:21', 722626),
(22, 18, '2025-07-30 02:33:55', 71169),
(23, 3, '0000-00-00 00:00:00', 922717),
(23, 6, '2025-06-16 16:24:32', 1920535),
(23, 7, '2025-04-28 17:50:54', 1364309),
(23, 9, '2025-05-09 08:43:35', 194567),
(23, 12, '2025-05-16 01:19:28', 285466),
(23, 13, '2025-06-08 18:34:13', 1920917),
(23, 14, '2025-08-06 17:00:44', 1995794),
(24, 1, '2025-06-26 01:15:33', 1374360),
(24, 6, '2025-07-11 20:41:21', 1902069),
(24, 10, '2025-06-20 19:00:24', 1115427),
(24, 12, '2025-04-29 05:05:56', 970686),
(24, 17, '2025-05-16 20:05:59', 530209),
(25, 3, '2025-08-11 08:44:49', 932416),
(25, 4, '2025-05-13 00:09:06', 983953),
(25, 6, '2025-06-18 09:10:48', 1753092),
(25, 9, '2025-05-01 09:34:20', 1197731),
(25, 10, '2025-07-10 01:55:59', 1243335),
(25, 13, '2025-08-15 08:07:07', 616613),
(25, 16, '2025-05-04 17:39:30', 1759934),
(25, 18, '2025-06-10 11:39:32', 324570),
(26, 6, '2025-05-04 11:09:04', 1958316),
(26, 8, '2025-05-13 02:28:19', 398875),
(26, 9, '2025-05-17 13:04:23', 260723),
(26, 10, '2025-07-27 17:17:01', 925916),
(26, 14, '2025-04-29 03:22:56', 708856),
(26, 18, '2025-05-15 09:31:49', 1836003),
(27, 1, '2025-07-16 19:45:48', 440722),
(27, 3, '2025-07-29 13:39:42', 1408428),
(27, 4, '2025-06-04 09:31:38', 438899),
(27, 7, '2025-06-26 08:23:46', 789152),
(27, 16, '2025-06-25 01:42:10', 1438058),
(27, 19, '2025-07-19 22:41:16', 1208013),
(28, 2, '2025-08-09 12:02:51', 1952494),
(28, 3, '2025-04-25 01:20:19', 100919),
(28, 4, '2025-04-25 20:57:16', 27291),
(28, 9, '2025-08-07 03:34:28', 1266664),
(28, 11, '2025-06-24 21:10:11', 66474),
(28, 12, '2025-07-06 12:55:40', 818646),
(29, 7, '2025-07-21 01:58:30', 640186),
(29, 10, '2025-05-28 01:26:55', 1439772),
(30, 2, '2025-07-26 15:59:36', 312909),
(30, 8, '2025-07-24 09:39:43', 904835),
(30, 9, '2025-07-09 16:07:24', 570513),
(30, 17, '0000-00-00 00:00:00', 1315803);