INSERT INTO person(id, first_name, last_name, email, gender) VALUES
(1, 'Finn', 'Schutt', 'fschutt0@dailymail.co.uk', 'Male'),
(2, 'Martynne', 'Cauldfield', 'mcauldfield1@ebay.co.uk', 'Female'),
(3, 'Torre', 'Caldecutt', 'tcaldecutt2@clickbank.net', 'Bigender'),
(4, 'Filmore', 'Perryman', 'fperryman3@qq.com', 'Male'),
(5, 'Fran', 'Guerrieri', 'fguerrieri4@plala.or.jp', 'Female'),
(6, 'Lesya', 'Drejer', 'ldrejer5@va.gov', 'Female'),
(7, 'Gideon', 'Richley', 'grichley6@mapy.cz', 'Male'),
(8, 'Gloriane', 'Pharo', 'gpharo7@opensource.org', 'Female'),
(9, 'Amitie', 'Lazenby', 'alazenby8@google.it', 'Female'),
(10, 'Sean', 'Whitehorne', 'swhitehorne9@blogspot.com', 'Non-binary'),
(11, 'Shauna', 'Fritschmann', 'sfritschmanna@geocities.jp', 'Female'),
(12, 'Cooper', 'Cato', 'ccatob@example.com', 'Male'),
(13, 'Melli', 'Wickham', 'mwickhamc@npr.org', 'Genderqueer'),
(14, 'Prinz', 'Bondley', 'pbondleyd@cbsnews.com', 'Male'),
(15, 'Suzanne', 'Shilito', 'sshilitoe@state.tx.us', 'Female'),
(16, 'Alvan', 'Kneafsey', 'akneafseyf@paypal.com', 'Male'),
(17, 'Dayle', 'Cobden', 'dcobdeng@desdev.cn', 'Female'),
(18, 'Haroun', 'Riddles', 'hriddlesh@samsung.com', 'Male'),
(19, 'Abner', 'Mabbett', 'amabbetti@istockphoto.com', 'Male'),
(20, 'Augustin', 'Santarelli', 'asantarellij@360.cn', 'Male'),
(21, 'Michaela', 'Hordle', 'mhordlek@constantcontact.com', 'Female'),
(22, 'Gwenore', 'Wannes', 'gwannesl@hostgator.com', 'Female'),
(23, 'Tiffanie', 'Pitherick', 'tpitherickm@hatena.ne.jp', 'Non-binary'),
(24, 'Becca', 'Mortimer', 'bmortimern@slate.com', 'Female'),
(25, 'Oralle', 'Smallpiece', 'osmallpieceo@zdnet.com', 'Female'),
(26, 'Max', 'Houliston', 'mhoulistonp@amazonaws.com', 'Female'),
(27, 'Brandy', 'Boast', 'bboastq@ovh.net', 'Male'),
(28, 'Terrie', 'Layson', 'tlaysonr@netlog.com', 'Female'),
(29, 'Hobie', 'Tomalin', 'htomalins@businesswire.com', 'Male'),
(30, 'Culver', 'Muldownie', 'cmuldowniet@mozilla.com', 'Male');

INSERT INTO serie (id, title, genre, nb_episode, note) VALUES
(1, 'Breaking Bad', 'Crime, Drama, Thriller', 62, 10),
(2, 'Game of Thrones', 'Action, Adventure, Drama', 73, 9),
(3, 'Stranger Things', 'Drama, Fantasy, Horror', 34, 8),
(4, 'The Office (US)', 'Comedy', 201, 9),
(5, 'Friends', 'Comedy, Romance', 236, 9),
(6, 'The Crown', 'Biography, Drama, History', 60, 8),
(7, 'The Mandalorian', 'Action, Adventure, Fantasy', 24, 8),
(8, 'Dark', 'Crime, Drama, Mystery', 26, 9),
(9, 'Peaky Blinders', 'Crime, Drama', 36, 9),
(10, 'The Witcher', 'Action, Adventure, Drama', 24, 7),
(11, 'The Boys', 'Action, Crime, Drama', 24, 8),
(12, 'Sherlock', 'Crime, Drama, Mystery', 13, 9),
(13, 'House of the Dragon', 'Action, Adventure, Drama', 10, 8),
(14, 'Black Mirror', 'Drama, Sci-Fi, Thriller', 27, 8),
(15, 'How I Met Your Mother', 'Comedy, Romance', 208, 8),
(16, 'Narcos', 'Biography, Crime, Drama', 30, 8),
(17, 'Lupin', 'Action, Crime, Drama', 17, 8),
(18,'Better Call Saul', 'Crime, Drama', 63, 9),
(19, 'Vikings', 'Action, Adventure, Drama', 89, 8),
(20, 'The Last of Us', 'Action, Adventure, Drama', 9, 9);

INSERT INTO `person_serie_history` (`person_id`, `serie_id`, `last_watch`, `instance_watch`) VALUES
(1, 7, '2025-04-28 15:12:59', 6),
(1, 12, '2025-05-23 22:20:53', 3),
(1, 15, '2025-06-02 19:21:11', 1),
(1, 16, '2025-05-01 01:09:07', 1),
(1, 18, '2025-07-15 05:02:28', 2),
(1, 19, '2025-07-12 11:51:20', 6),
(2, 6, '2025-05-09 07:41:13', 5),
(2, 13, '2025-07-22 07:33:13', 1),
(2, 15, '2025-08-08 13:12:49', 4),
(2, 17, '2025-05-01 08:29:49', 2),
(2, 19, '2025-05-28 01:09:33', 1),
(3, 8, '2025-04-20 00:38:16', 2),
(3, 9, '2025-05-09 00:06:41', 1),
(3, 13, '2025-06-01 10:31:43', 4),
(3, 14, '2025-08-08 14:22:37', 2),
(3, 15, '2025-06-24 02:35:11', 1),
(3, 16, '2025-05-18 15:39:58', 1),
(3, 18, '2025-06-16 08:57:55', 2),
(4, 4, '2025-08-16 06:55:06', 6),
(4, 14, '2025-05-18 01:37:35', 1),
(4, 15, '2025-07-01 20:39:20', 1),
(4, 19, '2025-06-11 06:08:52', 7),
(5, 11, '2025-06-15 13:52:39', 2),
(5, 12, '2025-05-23 18:57:50', 4),
(5, 14, '2025-05-03 21:58:19', 4),
(5, 15, '2025-06-24 20:02:39', 2),
(6, 3, '2025-05-05 00:14:15', 1),
(6, 6, '2025-07-31 19:13:04', 1),
(6, 8, '2025-05-30 12:23:42', 4),
(6, 13, '2025-07-09 05:39:25', 4),
(6, 15, '2025-08-10 01:09:05', 1),
(6, 16, '2025-05-16 12:22:45', 4),
(6, 17, '2025-06-16 02:57:20', 3),
(7, 4, '2025-05-01 13:38:20', 11),
(7, 9, '2025-08-06 02:26:14', 5),
(7, 13, '2025-07-25 12:59:42', 1),
(7, 17, '2025-07-14 16:52:41', 2),
(7, 18, '2025-08-10 07:38:57', 2),
(7, 19, '2025-05-26 20:24:44', 1),
(8, 4, '2025-07-17 22:45:06', 4),
(8, 17, '2025-07-28 16:03:47', 4),
(9, 4, '2025-08-08 00:24:37', 3),
(9, 8, '2025-04-24 06:12:43', 1),
(9, 9, '2025-04-20 14:53:09', 4),
(9, 11, '2025-05-22 22:03:56', 6),
(9, 12, '2025-08-03 22:22:08', 2),
(9, 15, '2025-06-10 23:59:46', 1),
(9, 18, '2025-07-14 14:23:51', 1),
(10, 3, '2025-05-22 07:43:22', 1),
(10, 8, '2025-05-20 20:47:15', 1),
(10, 11, '2025-06-25 23:41:58', 3),
(10, 15, '2025-07-18 01:37:58', 8),
(11, 3, '2025-07-19 22:11:28', 3),
(11, 12, '2025-08-11 04:52:38', 1),
(12, 13, '2025-05-08 17:10:03', 8),
(12, 14, '2025-08-14 21:42:30', 2),
(12, 19, '2025-06-06 04:49:17', 6),
(13, 8, '2025-08-13 20:21:23', 5),
(13, 15, '2025-05-18 17:52:14', 8),
(13, 16, '2025-06-29 13:32:34', 6),
(14, 12, '2025-06-03 09:28:20', 3),
(14, 15, '2025-05-16 21:04:42', 3),
(15, 8, '2025-04-21 19:15:23', 6),
(15, 13, '2025-04-25 11:52:29', 2),
(15, 14, '2025-06-24 14:39:01', 4),
(15, 15, '2025-05-20 05:51:51', 1),
(15, 17, '2025-06-14 05:32:13', 10),
(16, 7, '2025-05-24 19:16:09', 1),
(16, 9, '2025-06-07 16:40:32', 3),
(16, 17, '2025-07-17 11:03:02', 6),
(16, 18, '2025-06-07 12:05:40', 1),
(16, 19, '2025-06-29 03:52:29', 4),
(17, 11, '2025-07-07 18:55:44', 3),
(17, 13, '2025-05-12 12:24:47', 3),
(17, 14, '2025-07-19 01:22:13', 2),
(18, 1, '2025-07-03 08:04:11', 2),
(19, 1, '2025-06-03 18:43:33', 3),
(19, 7, '2025-06-07 13:50:41', 3),
(19, 11, '2025-06-03 21:43:09', 3),
(19, 12, '2025-06-06 13:43:48', 1),
(19, 16, '2025-07-31 14:37:33', 1),
(20, 1, '2025-07-09 16:15:05', 3),
(20, 3, '2025-04-23 10:33:35', 3),
(20, 4, '2025-06-15 18:03:24', 4),
(20, 7, '2025-06-07 13:23:08', 1),
(21, 8, '2025-07-21 06:32:37', 1),
(21, 9, '2025-05-26 21:45:24', 1),
(21, 17, '2025-08-05 03:03:17', 1),
(22, 7, '2025-05-18 00:46:09', 2),
(22, 8, '2025-08-09 02:27:21', 6),
(22, 9, '2025-06-15 21:28:11', 1),
(22, 14, '2025-05-29 14:56:14', 2),
(22, 16, '2025-08-02 07:39:21', 2),
(22, 18, '2025-07-30 02:33:55', 1),
(23, 6, '2025-06-16 16:24:32', 2),
(23, 7, '2025-04-28 17:50:54', 1),
(23, 9, '2025-05-09 08:43:35', 3),
(23, 12, '2025-05-16 01:19:28', 1),
(23, 13, '2025-06-08 18:34:13', 1),
(23, 14, '2025-08-06 17:00:44', 10),
(24, 1, '2025-06-26 01:15:33', 3),
(24, 6, '2025-07-11 20:41:21', 2),
(24, 12, '2025-04-29 05:05:56', 6),
(24, 17, '2025-05-16 20:05:59', 5),
(25, 3, '2025-08-11 08:44:49', 1),
(25, 4, '2025-05-13 00:09:06', 1),
(25, 6, '2025-06-18 09:10:48', 6),
(25, 9, '2025-05-01 09:34:20', 5),
(25, 13, '2025-08-15 08:07:07', 3),
(25, 16, '2025-05-04 17:39:30', 2),
(25, 18, '2025-06-10 11:39:32', 1),
(26, 6, '2025-05-04 11:09:04', 9),
(26, 8, '2025-05-13 02:28:19', 2),
(26, 9, '2025-05-17 13:04:23', 9),
(26, 14, '2025-04-29 03:22:56', 5),
(26, 18, '2025-05-15 09:31:49', 1),
(27, 1, '2025-07-16 19:45:48', 2),
(27, 3, '2025-07-29 13:39:42', 1),
(27, 4, '2025-06-04 09:31:38', 1),
(27, 7, '2025-06-26 08:23:46', 1),
(27, 16, '2025-06-25 01:42:10', 1),
(27, 19, '2025-07-19 22:41:16', 5),
(28, 3, '2025-04-25 01:20:19', 6),
(28, 4, '2025-04-25 20:57:16', 8),
(28, 9, '2025-08-07 03:34:28', 2),
(28, 11, '2025-06-24 21:10:11', 1),
(28, 12, '2025-07-06 12:55:40', 2),
(29, 7, '2025-07-21 01:58:30', 5),
(30, 8, '2025-07-24 09:39:43', 2),
(30, 9, '2025-07-09 16:07:24', 6);